1,,2016-05-10,запчасти портер,Здесь,http://hyundaiporter.ru/
1,,2016-05-13,запчасти портер тагаз,запчасти на Портер,http://hyundaiporter.ru/
1,,2016-05-16,запчасти на портер 1,hyundaiporter.ru,http://hyundaiporter.ru/
1,,2016-05-20,запчасти hyundai porter,тут,http://hyundaiporter.ru/
1,,2016-05-24,каталог запчасти портер,Каталог Портер,http://hyundaiporter.ru/
1,,2016-05-27,форсунки портер,Тут,http://hyundaiporter.ru/porterparts/32/forsunki-porter/
1,,2016-06-01,грм портер,грм Портер,http://hyundaiporter.ru/porterparts/18/remni-porter/
1,,2016-06-06,стартер портер,hyundaiporter.ru,http://hyundaiporter.ru/porterparts/58/starter-porter/
1,,2016-06-09,предохранители портер,тут,http://hyundaiporter.ru/porterparts/67/predohraniteli-porter/
1,,2016-06-13,печка портер,Здесь,http://hyundaiporter.ru/porterparts/53/pechka-porter/
1,,2016-06-17,рессора портер,рессоры портер,http://hyundaiporter.ru/porterparts/9/ressory-porter/
1,,2016-06-21,цилиндр портер,тут,http://hyundaiporter.ru/porterparts/76/cilindry-porter/
1,,2016-06-24,топливный фильтр портер,hyundaiporter.ru,http://hyundaiporter.ru/porterparts/19/fil-try-porter/
1,,2016-06-29,кпп портер,Здесь,http://hyundaiporter.ru/porterparts/6/korobka-vsbore-porter/
1,,2016-07-04,двери портер,Двери на Портер,http://hyundaiporter.ru/porterparts/36/dveri-porter/
1,,2016-07-07,генератор на портер,здесь,http://hyundaiporter.ru/porterparts/57/generator-porter/
1,,2016-07-11,турбина на портер,тут,http://hyundaiporter.ru/porterparts/31/turbina-porter/
1,,2016-07-15,стекло портер,Стекло Портер,http://hyundaiporter.ru/porterparts/42/stekla-porter/
1,,2016-07-19,гбц портер,тут,http://hyundaiporter.ru/porterparts/22/golovka-porter/
1,,2016-07-22,бампер портера,бампера Портер тут,http://hyundaiporter.ru/porterparts/35/bamper-porter/
1,,2016-07-27,радиатор портер,здесь,http://hyundaiporter.ru/porterparts/52/radiatory-porter/
1,,2016-08-01,ремни грм портер,тут,http://hyundaiporter.ru/porterparts/18/remni-porter/
1,,2016-08-04,генератор хендай портер,hyundaiporter.ru,http://hyundaiporter.ru/porterparts/57/generator-porter/
1,,2016-08-08,портер свеча накаливания,тут,http://hyundaiporter.ru/porterparts/64/svechi-porter/
1,,2016-08-12,колодки портер,здесь,http://hyundaiporter.ru/porterparts/17/kolodki-porter/
1,,2016-08-16,сцепление хендай портер,тут,http://hyundaiporter.ru/porterparts/13/sceplenie-porter/
1,,2016-08-19,зеркало портер,Зеркала Портер,http://hyundaiporter.ru/porterparts/39/zerkala-porter/
1,,2016-08-24,помпа портер,Здесь,http://hyundaiporter.ru/porterparts/54/pompa-porter/
1,,2016-08-29,головка портер,Здесь,http://hyundaiporter.ru/porterparts/22/golovka-porter/
1,,2016-09-01,печка хендай портер,тут,http://hyundaiporter.ru/porterparts/53/pechka-porter/
1,,2016-09-05,коленвал портер,коленвал Портер,http://hyundaiporter.ru/porterparts/26/kolenval-porter/
1,,2016-09-09,хендай портер грм,тут,http://hyundaiporter.ru/porterparts/18/remni-porter/
1,,2016-09-13,спидометр портер,здесь,http://hyundaiporter.ru/porterparts/87/spidometr-porter/
1,,2016-09-16,стартер хендай портер,тут,http://hyundaiporter.ru/porterparts/58/starter-porter/
1,,2016-09-21,задние фонари портер,hyundaiporter.ru,http://hyundaiporter.ru/porterparts/82/fonari-porter/
1,,2016-09-25,фильтр воздушный портер,Здесь,http://hyundaiporter.ru/porterparts/19/fil-try-porter/
1,,2016-09-29,форсунки на хендай портер,здесь,http://hyundaiporter.ru/porterparts/32/forsunki-porter/
1,,2016-10-03,гур портер,здесь,http://hyundaiporter.ru/porterparts/10/rulevoe-upr-porter/
1,,2016-10-07,сцепление на портер 1,сцепление,http://hyundaiporter.ru/porterparts/13/sceplenie-porter/
1,,2016-10-11,предохранители хендай портер,тут,http://hyundaiporter.ru/porterparts/67/predohraniteli-porter/
1,,2016-10-15,ступица портер,тут,http://hyundaiporter.ru/porterparts/12/stupicy-porter/
1,,2016-10-19,блок предохранителей портер,здесь,http://hyundaiporter.ru/porterparts/67/predohraniteli-porter/
1,,2016-10-23,коробка передач портер,тут,http://hyundaiporter.ru/porterparts/6/korobka-vsbore-porter/
1,,2016-10-27,топливный насос портер,здесь,http://hyundaiporter.ru/porterparts/34/toplivnaya-sist-porter/
1,,2016-10-31,топливный фильтр хендай портер,hyundaiporter.ru,http://hyundaiporter.ru/porterparts/19/fil-try-porter/
1,,2016-11-12,бампер хендай портер,Тут,http://hyundaiporter.ru/porterparts/35/bamper-porter/
1,,2016-11-16,стекло лобовое портер,Здесь,http://hyundaiporter.ru/porterparts/42/stekla-porter/
1,,2016-11-20,турбина портер 1,турбина Портер,http://hyundaiporter.ru/porterparts/31/turbina-porter/
1,,2016-11-24,радиатор печки портер,тут,http://hyundaiporter.ru/porterparts/53/pechka-porter/
1,,2016-11-28,гбц хендай портер,Здесь,http://hyundaiporter.ru/porterparts/22/golovka-porter/
1,,2016-12-02,передний бампер портер,тут,http://hyundaiporter.ru/porterparts/35/bamper-porter/
1,,2016-12-06,генератор портер 1,по ссылке,http://hyundaiporter.ru/porterparts/57/generator-porter/
1,,2016-12-10,головка блока портер,тут,http://hyundaiporter.ru/porterparts/22/golovka-porter/
1,,2016-12-14,предохранители портер 1,Здесь,http://hyundaiporter.ru/porterparts/67/predohraniteli-porter/
1,,2016-12-22,грм портер 2,hyundaiporter.ru,http://hyundaiporter.ru/porterparts/18/remni-porter/
1,,2016-12-26,свеча накаливания хендай портер,здесь,http://hyundaiporter.ru/porterparts/64/svechi-porter/
1,,2017-01-03,колодки тормозные портер,тут,http://hyundaiporter.ru/porterparts/17/kolodki-porter/
1,,2017-01-07,ремень грм хендай портер,тут,http://hyundaiporter.ru/porterparts/18/remni-porter/
1,,2017-01-11,радиатор хендай портер,ссылка на сайт,http://hyundaiporter.ru/porterparts/52/radiatory-porter/
1,,2017-01-15,блок цилиндров портер,тут,http://hyundaiporter.ru/porterparts/21/blok-dvigatelya-porter/
1,,2017-01-19,турбина портер купить,здесь,http://hyundaiporter.ru/porterparts/31/turbina-porter/
1,,2017-01-27,крестовина портер,здесь,http://hyundaiporter.ru/porterparts/5/kardan-porter/
1,,2017-01-31,колодки задние портер,Купить тут,http://hyundaiporter.ru/porterparts/17/kolodki-porter/
1,,2017-02-04,хундай портер грм,Тут,http://hyundaiporter.ru/porterparts/18/remni-porter/
1,,2017-02-08,руль портер,hyundaiporter.ru,http://hyundaiporter.ru/porterparts/10/rulevoe-upr-porter/
1,,2017-02-12,турбина портер 2,Здесь,http://hyundaiporter.ru/porterparts/31/turbina-porter/
1,,2017-02-16,радиатор портер 1,тут,http://hyundaiporter.ru/porterparts/52/radiatory-porter/
1,,2017-02-20,диски хендай портер,Здесь,http://hyundaiporter.ru/porterparts/3/diski-kolesnye-porter/
1,,2017-02-24,сцепление на портер 2,сцепление Портер,http://hyundaiporter.ru/porterparts/13/sceplenie-porter/
1,,2017-03-04,фильтр топливный портер 2,тут,http://hyundaiporter.ru/porterparts/19/fil-try-porter/
1,,2017-03-08,редуктор портер,Здесь,http://hyundaiporter.ru/porterparts/4/most-zadniy-porter/
1,,2017-03-12,дверь хендай портер,Здесь,http://hyundaiporter.ru/porterparts/36/dveri-porter/
1,,2017-03-16,турбина на хендай портер,hyundaiporter.ru,http://hyundaiporter.ru/porterparts/31/turbina-porter/
1,,2017-03-20,бампер портер 2,здесь,http://hyundaiporter.ru/porterparts/35/bamper-porter/
1,,2017-03-24,рессора хендай портер,здесь,http://hyundaiporter.ru/porterparts/9/ressory-porter/
1,,2017-04-01,колодки портер 2,колодки Портер,http://hyundaiporter.ru/porterparts/17/kolodki-porter/
1,,2017-04-05,распредвал портер,здесь,http://hyundaiporter.ru/porterparts/23/grm-porter/
1,,2017-04-09,главный цилиндр сцепления портер,тут,http://hyundaiporter.ru/porterparts/13/sceplenie-porter/
1,,2017-04-13,подшипник ступицы портер,здесь,http://hyundaiporter.ru/porterparts/12/stupicy-porter/
1,,2017-04-17,рессоры портер 2,тут,http://hyundaiporter.ru/porterparts/9/ressory-porter/
1,,2017-04-21,форсунка хундай портер,hyundaiporter.ru,http://hyundaiporter.ru/porterparts/32/forsunki-porter/
1,,2017-04-25,схема предохранителей портер,тут,http://hyundaiporter.ru/porterparts/67/predohraniteli-porter/
1,,2017-04-29,прокладка гбц портер,Тут,http://hyundaiporter.ru/porterparts/22/golovka-porter/
1,,2017-05-03,кпп хендай портер,Здесь,http://hyundaiporter.ru/porterparts/6/korobka-vsbore-porter/
1,,2017-05-07,гидроусилитель портер,Здесь,http://hyundaiporter.ru/porterparts/10/rulevoe-upr-porter/
1,,2017-05-11,цилиндр тормозной портер,тут,http://hyundaiporter.ru/porterparts/76/cilindry-porter/
1,,2017-05-15,ремень генератора портер,Здесь,http://hyundaiporter.ru/porterparts/57/generator-porter/
1,,2017-05-19,каталог hyundai porter,тут,http://hyundaiporter.ru/portercat/
1,,2017-05-27,генератор хундай портер,hyundaiporter.ru,http://hyundaiporter.ru/porterparts/57/generator-porter/
1,,2017-05-31,запчасти porter каталог,Здесь,http://hyundaiporter.ru/portercat/
1,,2017-06-04,лист рессоры портер,Здесь,http://hyundaiporter.ru/porterparts/9/ressory-porter/
1,,2017-06-08,хендай портер колодки,Купить тут,http://hyundaiporter.ru/porterparts/17/kolodki-porter/
1,,2017-06-12,противотуманки на портер,здесь,http://hyundaiporter.ru/porterparts/44/fary-porter/
1,,2017-06-16,колодки передние портер,здесь,http://hyundaiporter.ru/porterparts/17/kolodki-porter/
1,,2017-06-20,замок зажигания портер,тут,http://hyundaiporter.ru/porterparts/38/zamki-porter/
1,,2017-05-23,запчасти хендай портер 2,тут,http://hyundaiporter.ru/
1,,2016-11-04,автозапчасти портер,здесь,http://hyundaiporter.ru/
1,,2016-11-08,купить запчасти портер,hyundaiporter.ru,http://hyundaiporter.ru/
1,,2017-01-23,каталог хендай портер,тут,http://hyundaiporter.ru/portercat/
