;"            Амортизатор багажника левый 6617405716 ISTANA";6617405716;860.00 руб
;"            Амортизатор багажника правый 6617405816 ISTANA";6617405816;860.00 руб
;"            Амортизатор задний (газ) 6613263300 ISTANA";6613263300;1,390.00 руб
;"            Амортизатор задний 6613263300 ISTANA";6613263300;1,390.00 руб
;"            Амортизатор передний 6613203730 ISTANA";6613203730;1,490.00 руб
;"            Амортизатор ролика 6622003114 ISTANA";6622003114;1,800.00 руб
;"            Бак топливный 6614703401 ISTANA";6614703401;6,200.00 руб
;"            Бампер задний центральная часть 6618803271 ISTANA";6618803271;2,862.00 руб
;"            Банка глушителя 6614903601 ISTANA 15";6614903601;5,373.00 руб
;"            Барабан тормозной 6614233001 ISTANA";6614233001;2,590.00 руб
;"            Блок кнопок 6615404744 б/у ISTANA";6615404744;1,490.00 руб
;"            Болт верхнего рычага H10401405D ISTANA";"H10401405D";250.00 руб
;"            Болт ГБЦ длин12,5  6619903810 ISTANA";6619903810;50.00 руб
;"            Болт ГБЦ корот 9,0 6619903710 ISTANA";6619903710;50.00 руб
;"            Болт ГБЦ средн 11,0 6619903610 ISTANA";6619903610;50.00 руб
;"            Болт запасного колеса 661403371 ISTANA";6614033171;225.00 руб
;"            Болт нижнего рычага 6613303218 ISTANA";6613303218;250.00 руб
;"            Болт стабилизатора заднего 6613203032  ISTANA";6613203032;250.00 руб
;"            Болт стабилизатора переднего H101810851 ISTANA";"H101810851";290.00 руб
;"            Брызговик задний левый 6618814005 ISTANA";6618814005;200.00 руб
;"            Брызговик задний правый 6618814105 ISTANA";6618814105;200.00 руб
;"            Брызговик передний правый 6618813905 ISTANA";6618813905;200.00 руб
;"            Вентилятор вискомуфты 6012000523 ISTANA";6012000523;1,323.00 руб
;"            Вилка кулисы VILKAKULISAIST ISTANA";"VILKAKULISAIST";250.00 руб
;"            Вилка сцепления 6612933111 ISTANA";6612933111;546.00 руб
;"            Вискомуфта 6612003023 ISTANA";6612003023;2,990.00 руб
;"            Втулка болта стабилизатора переднего 6613233185 ISTANA";6613233185;30.00 руб
;"            Втулка глушителя 2426105031 ISTANA";2426105031;81.00 руб
;"            Втулка рессорная 6613243050 ISTANA";6613243050;50.00 руб
;"            Втулка стабилизатора заднего 6613233185 ISTANA";6613233185;60.00 руб
;"            Втулка стабилизатора переднего 6313230385 ISTANA";6313230385;65.00 руб
;"            Втулка троса КПП VTULKATROSAKPP ISTANA";"VTULKATROSAKPP";90.00 руб
;"            Гайка колеса 6614013172 ISTANA 19";6614013172;50.00 руб
;"            Гайка колеса 6614013372 ISTANA 21";6614013372;50.00 руб
;"            Гайка ступицы задней 6319900560 ISTANA";6319900560;80.00 руб
;"            Гайка ступицы передней 6613373172 ISTANA";6613373172;100.00 руб
;"            Генератор 6621543402 ISTANA";6621543402;8,900.00 руб
;"            Гидрокомпенсатор 6010500725 ISTANA ";6010500725;700.00 руб
;"            Глушителя задняя часть резонатор 6614903527 ISTANA 15";6614903527;3,450.00 руб
;"            Датчик давления масла 6615423117 ISTANA";6615423117;640.00 руб
;"            Датчик заднего хода 6615453006 ISTANA";6615453006;495.00 руб
;"            Датчик скорости электрический 8134005002 ISTANA";8134005002;1,170.00 руб
;"            Датчик температурный 6615453324 ISTANA";6615453324;580.00 руб
;"            Датчик уровня топлива 6615403646 ISTANA";6615403646;1,190.00 руб
;"            Двигатель контрактный 6620103097 ISTANA";6620103097;130,000.00 руб
;"            Дефлекторы комплект DEFLE66100 ISTANA";"DEFLE66100";860.00 руб
;"            Диск сцепления 6622503603 ISTANA";6622503603;1,782.00 руб
;"            Диск тормозной передний  6614203172_OEM ISTANA";6614203172;1,800.00 руб
;"            Диффузор радиатора 6615053655 ISTANA";6615053655;910.00 руб
;"            Замок двери задней 6617403035 ISTANA";6617403035;590.00 руб
;"            Замок зажигания в сборе 6618909767 ISTANA";6618909767;3,990.00 руб
;"            Замок оконный 6616703143 ISTANA";6616703043;160.00 руб
;"            Замок центральный раздвижной двери 6618207242 ISTANA";6618207242;450.00 руб
;"            Зеркала элемент ELEMENTISTANA ISTANA";"ELEMENTISTANA";490.00 руб
;"            Зеркало в сборе левое на дугах 6618105216 ISTANA";6618105216;1,940.00 руб
;"            Зеркало в сборе правое на дугах 6618105316 ISTANA";6618105316;2,925.00 руб
;"            Зеркало заднее 6618105416 ISTANA";6618105416;980.00 руб
;"            Зеркало круглое 6618105116 ISTANA";6618105116;319.00 руб
;"            Зеркало круглое крепление 6618113626 ISTANA";6618113626;216.00 руб
;"            Зеркало правое 6610000A01_OEM ISTANA";"6610000A01";650.00 руб
;"            Зеркало правое электрическое 6618105516 ISTANA";6618105516;2,975.00 руб
;"            Капот 6617503802 ISTANA";6617503802;11,740.00 руб
;"            Клапан вакуумный температурный (холостого хода) 6621403160  ISTANA";6621403160;378.00 руб
;"            Клапан нагнетательный воздушный бака топливного 6614703293 ISTANA";6614703293;240.00 руб
;"            Клеммная колодка KLEMNAYAKOLODKAIST ISTANA б/у";"KLEMNAYAKOLODKAIST";50.00 руб
;"            Ключ заготовка 0000000418 ISTANA";0000000418;199.00 руб
;"            Кнопка стеклоподъемника дери передней левой без джойстика 6618203710LAA ISTANA";"6618203710LAA";690.00 руб
;"            Колодки задние барабанные 4833005000_OEM (SA072GR) ISTANA, GRACE";4833005000;1,290.00 руб
;"            Колодки задние барабанные 4833005000_OEM ISTANA, GRACE";4833005000;996.00 руб
;"            Колодки передние дисковые 6614203021 ISTANA";6614203021;996.00 руб
;"            Колодки передние дисковые 6614203021_OEM (SP1083) ISTANA";6614203021;996.00 руб
;"            Колпак колеса волнистый Сангенг 6614014124 ISTANA";6614014124;225.00 руб
;"            Колпак колеса кругл Мерс 661401402M ISTANA";"661401402M";190.00 руб
;"            Колпак колеса круглый Дэу 6614014024 ISTANA";6614014024;190.00 руб
;"            Колпачки маслосъeмные комплект KOLPACHOKKOMPLEKT ISTANA";"KOLPACHOKKOMPLEKT";350.00 руб
;"            Колпачок маслосъемный L 6610533058 ISTANA";6610533058;35.00 руб
;"            Колпачок маслосъемный R 6610533158 ISTANA";6610533158;60.00 руб
;"            Кольца поршневые стандартные на 1 поршень (Германия) 0020302624 ISTANA";0020302624;2,500.00 руб
;"            Концевик двери папа 6618203954LAA ISTANA";"6618203954LAA";290.00 руб
;"            Корзина сцепления 6622503704 ISTANA";6622503704;1,422.00 руб
;"            Кронштейн двери раздвижной верхний 6617603028 ISTANA";6617603028;215.00 руб
;"            Кронштейн двери раздвижной нижний 6617604247 ISTANA";6617604247;740.00 руб
;"            Кронштейн двери раздвижной средний 6617604447 ISTANA";6617604447;670.00 руб
;"            Кронштейн ролика 6062000073 ISTANA";6062000073;1,557.00 руб
;"            Крышка маслозаливной горловины 1610183102 ISTANA";1610183102;200.00 руб
;"            Крышка термостата 6612033274 ISTANA";6612033274;268.00 руб
;"            Кулак поворотный в сборе левый 6613303319 ISTANA";6613303319;6,255.00 руб
;"            Кулак поворотный в сборе правый 6613303419 ISTANA";6613303419;6,255.00 руб
;"            Лампа салона 6618253803 ISTANA";6618253803;120.00 руб
;"            Линолеум  15 мест LINOLEUM15ISTANA ISTANA ";"LINOLEUM15ISTANA";3,950.00 руб
;"            Механизм двери раздвижной 6617303435 ISTANA";6617303435;350.00 руб
;"            Накладка внутренней ручки левой 6617663325 ISTANA";6617663326;100.00 руб
;"            Накладка внутренней ручки правой 6617663425 ISTANA";6617663425;100.00 руб
;"            Накладка педали газа 6613003002 ISTANA";6613003002;50.00 руб
;"            Наконечник рулевой 6614603048 ISTANA";6614603048;405.00 руб
;"            Направляющая двери мама 6617663061 ISTANA";6617663061;120.00 руб
;"            Направляющая двери папа 6617663062 ISTANA";6617663062;145.00 руб
;"            Насос ГУР 6614603880 ISTANA";6614603880;7,900.00 руб
;"            Натяжитель (болт) цепи 6610503011 ISTANA";6610503011;972.00 руб
;"            Натяжитель цепи (башмак) 6610503016 ISTANA";6610503016;504.00 руб
;"            Опора шаровая рычага верхнего 6613203335 ISTANA";6613203335;550.00 руб
;"            Опора шаровая рычага нижнего левого 6610000A04_OEM ISTANA";"6610000A04";690.00 руб
;"            Опора шаровая рычага нижнего правого 6610000A05_OEM ISTANA";"6610000A05";690.00 руб
;"            Панель полоза среднего 6617303048 ISTANA";6617303048;3,900.00 руб
;"            Патрубок радиатора нижний 6615014782 ISTANA";6615014782;200.00 руб
;"            Педаль газа 6613003004 ISTANA";6613003004;630.00 руб
;"            Педаль сцепления 6612903518 ISTANA";6612903518;1,350.00 руб
;"            Переключатель подрулевой 6615407344 ISTANA";6615407344;1,600.00 руб
;"            Петля двери задней 6617603240 ISTANA";6617603240;50.00 руб
;"            Петля двери передней 6617603140 ISTANA";6617603140;50.00 руб
;"            Петля двери раздвижной 6617603340 ISTANA";6617603340;50.00 руб
;"            Планка задней двери 6617303022 ISTANA";6617303022;970.00 руб
;"            Поддон двигателя 6620103313 ISTANA";6620103313;5,290.00 руб
;"            Подушка двигателя задняя (опора кпп верхняя) 6612423013 ISTANA";6612423013;150.00 руб
;"            Подушка двигателя задняя (опора кпп нижняя) 6612423113 ISTANA";6612423113;150.00 руб
;"            Подушка двигателя передняя 6612403417 ISTANA";6612403417;740.00 руб
;"            Подшипник выжимной 6612503015_OEM ISTANA";6612503015;780.00 руб
;"            Подшипник ступицы задней внутренний 6619804502 (LM503349) ISTANA";6619804502;700.00 руб
;"            Подшипник ступицы задней наружный 6619804402 (32206) ISTANA";6619804402;580.00 руб
;"            Подшипник ступицы передней (Корея) 6619804202 ISTANA";6619804202;1,590.00 руб
;"            Полоз двери раздвижной 6617307717 ISTANA";6617307717;980.00 руб
;"            Помпа водяная 6612004220 ISTANA";6612004220;2,400.00 руб
;"            Предохранитель силовой 60A 9609100060 ISTANA";9609100060;60.00 руб
;"            Предохранитель силовой 80A 9609100080 ISTANA";9609100080;80.00 руб
;"            Привод спидометра 6612603486 ISTANA";6612603486;570.00 руб
;"            Пробка клапанной крышки 1610183002 ISTANA";1610183002;200.00 руб
;"            Пробка поддона двигателя 6629973130 ISTANA";6629973130;200.00 руб
;"            Пробка поддона КПП PROBKAKPPISTANA ISTANA";"PROBKAKPPISTANA";150.00 руб
;"            Прокладка ГБЦ 6620163120 ISTANA";6620163120;625.00 руб
;"            Прокладка ГБЦ 6620163120_OEM ISTANA";6620163120;1,190.00 руб
;"            Прокладка клапанной крышки 6010160721 ISTANA";6010160721;290.00 руб
;"            Прокладка коллектора впускного  PROKKOLIN ISTANA";"PROKKOLIN";250.00 руб
;"            Прокладка коллектора выпускного PROKKOLEX ISTANA";"PROKKOLEX";250.00 руб
;"            Прокладка поддона 6050140022 ISTANA";6050140022;250.00 руб
;"            Прокладки двигателя набор полный PROKNABOR ISTANA";"PROKNABOR";2,900.00 руб
;"            Пружина педали газа 6613013037 ISTANA";6613013037;100.00 руб
;"            Пружинка PRUZINAISTANA ISTANA";"PRUZINAISTANA";40.00 руб
;"            Пыльник колонки рулевой 6612673496 ISTANA";6612673496;250.00 руб
;"            Пыльник наконечника рулевого PILNIKNAKONECHNIKAIST ISTANA";"PILNIKNAKONECHNIKAIST";100.00 руб
;"            Пыльник опоры шаровой PILNIKSHAROVOIIST ISTANA";"PILNIKSHAROVOIIST";100.00 руб
;"            Пыльник рейки рулевой 6614613096 ISTANA";6614613096;200.00 руб
;"            Пыльник рычага переключения передач в сборе 6618808744LAA ISTANA";"6618808744LAA";1,140.00 руб
;"            Пыльник рычага стояночного тормоза 6614273296 ISTANA";6614273296;580.00 руб
;"            Пыльник шруса внутреннего 6613305201 ISTANA";6613305201;925.00 руб
;"            Пыльник шруса внутреннего 6613305201_OEM ISTANA";6613305201;290.00 руб
;"            Пыльник шруса наружного 6613305101 ISTANA";6613305101;925.00 руб
;"            Пыльник шруса наружного 6613305101_OEM ISTANA";6613305101;290.00 руб
;"            Радиатор кондиционера кабинного 6618304858 ISTANA";6618304858;3,490.00 руб
;"            Радиатор кондиционера салонного 6618304958 ISTANA";6618304958;3,900.00 руб
;"            Радиатор охлаждения двигателя 6615003702 ISTANA";6615003702;8,250.00 руб
;"            Радиатор печки RADIATORISTANA ISTANA";"RADIATORISTANA";1,800.00 руб
;"            Радиатор печки задней RADIATORPECHKIISTANA ISTANA";"RADIATORPECHKIISTANA";2,280.00 руб
;"            Распылитель форсунки 0010174912 (265) ISTANA";0010174912;550.00 руб
;"            Резинка педали сцепления 3772910082 ISTANA";3772910082;60.00 руб
;"            Рейка рулевая с гидроусилителем 6614603100 ISTANA";6614603100;16,960.00 руб
;"            Реле 6618203926 б/у ISTANA";6618203926;400.00 руб
;"            Реле 8475005000 б/у ISTANA";8475005000;300.00 руб
;"            Реле поворотов 8441005100 ISTANA";8441005100;315.00 руб
;"            Реле свечей накаливания 6625453632 ISTANA";6625453632;2,400.00 руб
;"            Ремень 0089973692 (6PK2100) ISTANA";0089973692;930.00 руб
;"            Ремкомплект барабана заднего левого KITTORMOZISTANAL ISTANA,GRACE";"KITTORMOZISTANAL";390.00 руб
;"            Ремкомплект барабана заднего правого KITTORMOZISTANAR ISTANA,GRACE";"KITTORMOZISTANAR";390.00 руб
;"            Ремкомплект колодок передних ISTANA";;90.00 руб
;"            Ремкомплект рулевой рейки 6614603301 ISTANA";6614603301;3,100.00 руб
;"            Ремкомплект суппорта 6614203051 ISTANA";6614203051;290.00 руб
;"            Ремкомплект цилиндра сцепления главного REMKITGLCZ ISTANA";"REMKITGLCZ";178.00 руб
;"            Рессора 6613204206 ISTANA 15";6613204206;3,910.00 руб
;"            Решетка радиатора с эмблемой 6617503218LAA ISTANA";6617503218;1,150.00 руб
;"            Ролик натяжной 6612003070 ISTANA";6612003070;850.00 руб
;"            Ролик натяжной 6612003070_OEM ISTANA";6612003070;616.00 руб
;"            Ручка двери задней внутренняя 6617433272 ISTANA";6617433272;150.00 руб
;"            Ручка двери задней наружная 6617403093 ISTANA";6617403093;240.00 руб
;"            Ручка двери кабинной внутренняя левая 6617603261 ISTANA";6617603261;150.00 руб
;"            Ручка двери кабинной внутренняя правая 6617603361 ISTANA";6617603361;150.00 руб
;"            Ручка двери кабинной наружная левая 6617604459 ISTANA";6617604459;585.00 руб
;"            Ручка двери кабинной наружная правая 6617604559 ISTANA";6617604559;340.00 руб
;"            Ручка рычага переключения КПП 3173006100 ISTANA";3173006100;200.00 руб
;"            Ручка рычага переключения КПП 6612603340 ISTANA old";6612603340;150.00 руб
;"            Рычаг верхний левый в сборе 6613303607 ISTANA";6613303607;3,600.00 руб
;"            Рычаг верхний правый в сборе 6613303707 ISTANA";6613303707;3,600.00 руб
;"            Рычаг нижний левый в сборе 6613304407 ISTANA";6613304407;2,880.00 руб
;"            Рычаг нижний правый в сборе 6613304507 ISTANA";6613304507;2,880.00 руб
;"            Рычаг переключения кпп (кулиса) I6612603339 ISTANA";6612603339;2,980.00 руб
;"            Сайлентблок рычага 6610000A03 ISTANA";"6610000A03";200.00 руб
;"            Сальник коленвала задний 6619973047 ISTANA";6619973047;290.00 руб
;"            Сальник коленвала передний 6619973646 ISTANA";6619973646;200.00 руб
;"            Сальник коробки SALKPP ISTANA";"SALKPP";156.00 руб
;"            Сальник привода 6619974064 ISTANA";6619974064;200.00 руб
;"            Сальник ступицы задней 6619973846 ISTANA";6619973846;200.00 руб
;"            Свеча накаливания 6611593101_OEM ISTANA";6611593101;290.00 руб
;"            Синхронизатор КПП 6612623534 ISTANA";6612623534;790.00 руб
;"            Скоба троса КПП 6612683041 ISTANA";6612683041;50.00 руб
;"            Стабилизатор задний 6613303011 ISTANA";6613203011;2,500.00 руб
;"            Стабилизатор передний6613235065 ISTANA";6613235065;2,500.00 руб
;"            Стартер 6611513101 ISTANA";6611513101;5,145.00 руб
;"            Стартер 6611513701 ISTANA см 6611513101";6611513701;5,145.00 руб
;"            Стеклоподъемник электрический левой двери 6617203646 ISTANA";6617203646;939.00 руб
;"            Стремянка рессоры 6613513325 ISTANA";6613513325;200.00 руб
;"            Ступица задняя 6613563701 ISTANA";6613563701;2,000.00 руб
;"            Ступица передняя 6613343201 ISTANA";6613343201;3,190.00 руб
;"            Суппорт левый 6614203483 ISTANA";6614203483;4,455.00 руб
;"            Суппорт правый 6614203583 ISTANA";6614203583;4,455.00 руб
;"            Термостат 6062030275 ISTANA";6062030275;690.00 руб
;"            Торсион левый 6613234165 ISTANA";6613234165;2,190.00 руб
;"            Торсион правый 6613234365 ISTANA";6613234365;2,190.00 руб
;"            Трос газа 6613004030 ISTANA";6613004030;468.00 руб
;"            Трос капота 6617503159 ISTANA";6617503159;180.00 руб
;"            Трос капота с рычагом 6617503993 ISTANA";6617503993;250.00 руб
;"            Трос КПП select 6612603151 ISTANA";6612603151;690.00 руб
;"            Трос КПП shift 6612603651 ISTANA";6612603651;474.00 руб
;"            Трос спидометра 6615403668 ISTANA";6615403668;465.00 руб
;"            Трос стояночног тормоза комплект (левый и правый ) 6614208085 ISTANA 12";6614208085;850.00 руб
;"            Трос стояночного тормоза комплект (левый и правый) 6614208185 ISTANA 15";6614208185;1,044.00 руб
;"            Трос стояночного тормоза центральный 6614206185 ISTANA";6614206185;630.00 руб
;"            Тяга рулевая 6614603091 ISTANA";6614603091;536.00 руб
;"            Угол бампера заднего левый 6618853403 ISTANA";6618853403;1,269.00 руб
;"            Угол бампера заднего правый 6615403946 ISTANA";6615403946;1,269.00 руб
;"            Указатель поворотов левый 6618203321_OEM ISTANA";6618203321;740.00 руб
;"            Указатель поворотов правый 6618203421_OEM ISTANA";6618203421;740.00 руб
;"            Успокоитель цепи 1 6610523016 ISTANA";6610523016;280.00 руб
;"            Успокоитель цепи 2 6610523116 ISTANA";6610523116;280.00 руб
;"            Фара левая 6618207061 ISTANA";6618207061;4,580.00 руб
;"            Фара правая (стекло) 6618207161GL ISTANA";"6618207161GL";1,269.00 руб
;"            Фара правая 6618207161 ISTANA";6618207161;4,580.00 руб
;"            Фильтр воздушный 6610944504 ISTANA";6610944504;400.00 руб
;"            Фильтр воздушный 6610944504_OEM ISTANA";6610944504;250.00 руб
;"            Фильтр масляный 6611803309 ISTANA";6611803309;400.00 руб
;"            Фильтр масляный 6611803309_OEM ISTANA";6611803309;250.00 руб
;"            Фильтр топливный 6610903055 ISTANA";6610903055;400.00 руб
;"            Фильтр топливный 6610903055_OEM ISTANA";6610903055;250.00 руб
;"            Фильтр топливный грубой очистки 6614773101 ISTANA";6614773101;150.00 руб
;"            Фонарь левый 6618203664 ISTANA";6618203664;1,980.00 руб
;"            Фонарь правый 6618203764 ISTANA";6618203764;1,980.00 руб
;"            Фонарь правый 6618203764 ISTANA б/у";6618203764;990.00 руб
;"            Форсунка омывателя стекла лобового 6618603047 ISTANA";6618603047;100.00 руб
;"            Форсунка омывателя стекла лобового 6618693024 ISTANA треугольник";6618693024;100.00 руб
;"            Форсунка топливная 6610173121 ISTANA";6610173121;3,200.00 руб
;"            Цепь ГРМ 0039975594 ISTANA";0039975594;20,000.00 руб
;"            Цепь малая 0039977394 ISTANA";0039977394;500.00 руб
;"            Цилиндр сцепления главный 6612903412 ISTANA";"6612903412 ";1,590.00 руб
;"            Цилиндр сцепления главный 6612903412_OEM ISTANA";6612903412;800.00 руб
;"            Цилиндр сцепления рабочий 6612953107_OEM ISTANA";6612953107;590.00 руб
;"            Цилиндр тормозной главный 6614303901 ISTANA";6614303901;5,940.00 руб
;"            Цилиндр тормозной рабочий задний 6614233099 ISTANA";6614233099;850.00 руб
;"            Цилиндр тормозной рабочий задний левый 6614233099_OEM ISTANA";6614233099;850.00 руб
;"            Цилиндр тормозной рабочий задний правый 6614233099_OEM ISTANA";6614233099;850.00 руб
;"            Шайба контращаяся задних гаек ступицы 7118105001 SHAIBAISTANA ISTANA";"7118105001 SHAIBAISTANA";100.00 руб
;"            Шайба форсунки топливной 6010170060 ISTANA";6010170060;55.00 руб
;"            Шланг обратки 6010781881 ISTANA";6010781881;50.00 руб
;"            Шланг обратки длинный SHLANGOBRATKIIST ISTANA";"SHLANGOBRATKIIST";360.00 руб
;"            Шланг тормозной 6614284935 ISTANA";6614284935;590.00 руб
;"            Шпилька колеса 6613563271 ISTANA";6613563271;95.00 руб
;"            Шпонка коленвала 6629913068 ISTANA";6629913068;39.00 руб
;"            Шрус внутренний в сборе 6613304801 ISTANA";6613304801;5,814.00 руб
;"            Шрус наружный в сборе 6613305001 ISTANA";6613305001;5,814.00 руб
;"            Щетка генератора в сборе SHETKAGENERATORABUIST б/у ISTANA";"SHETKAGENERATORABUIST";150.00 руб
;"            Щетка генератора с пружиной SHETKAGENERATORAIST ISTANA";"SHETKAGENERATORAIST";150.00 руб
;"            Щетка стартера 0001518814 ISTANA";0001518814;90.00 руб
;"            Щиток приборов (механический) SHITOKISTANA б/у ISTANA";"SHITOKISTANA";1,590.00 руб
;"            Щуп масла 6620104072 ISTANA";6620104072;115.00 руб
;"            Эмблема бумажная Истана 6615843961ISTANA  ISTANA";"6615843961ISTANA";60.00 руб
;"            Эмблема бумажная Сангенг 6615843961 ISTANA";6615843961;60.00 руб
;"            Эмблема Мерседес на капот 6618174316MERS ISTANA";"6618174316MERS";387.00 руб
;"            Эмблема Сангенг на капот 6618174316 ISTANA";6618174316;449.00 руб
;"            Эмблема Сангенг на решетку радиатора 6618173316 ISTANA";6618173316;199.00 руб
