;"            Амортизатор задний 553004B000 PORTER";"553004B000";1,152.00 руб
;"            Амортизатор передний 543004B000/43003 PORTER";"543004B000";1,479.00 руб
;"            Антенна механическая 962104B001 PORTER";"962104B001";350.00 руб
;"            Балка крепления двигателя 218504B001 PORTER";"218504B001";2,321.00 руб
;"            Барабан тормозной задний 5276144102 PORTER";5276144102;1,892.00 руб
;"            Барабан тормозной задний 583294B810 PORTER см 5276144102";"583294B810";1,892.00 руб
;"            Бачок омывателя лобового стекла 986104B000 PORTER";"986104B000";600.00 руб
;"            Бачок расширительный 253604B001 PORTER";"253604B001";309.00 руб
;"            Бачок цилиндра тормозного главного  5913043030 PORTER";5913043030;327.00 руб
;"            Блок управления свечами накаливания 3916042063 PORTER";3916042063;1,384.00 руб
;"            Блок шестерен КПП 432154A010 PORTER";"432154A010";3,978.00 руб
;"            Болт головки блока цилиндров (гбц) 2232142000 PORTER,GRACE";2232142000;113.00 руб
;"            Болт головки блока цилиндров (гбц) 2232142001 PORTER,GRACE";2232142001;113.00 руб
;"            Болт коленвала 2312742001 PORTER, GRACE";2312742001;199.00 руб
;"            Болт коромысла 2453242500 PORTER, GRACE";2453242500;50.00 руб
;"            Болт нижнего рычага (развала) 545324B000 PORTER, GRACE";"545324B000";290.00 руб
;"            Болт нижнего рычага (развала) в сборе 545324B000_OEM PORTER, GRACE";"545324B000A";290.00 руб
;"            Болт стабилизатора переднего в сборе 5472143000 PORTER";5472143000;290.00 руб
;"            Болт торсиона 542884B000_OEM PORTER";"542884B000";295.00 руб
;"            Брызговик задний левый 875214B000 PORTER";"875214B000";175.00 руб
;"            Брызговик задний правый 875224B000 PORTER";"875224B000";175.00 руб
;"            Вал первичный КПП 432104A004 PORTER";"432104A004";2,890.00 руб
;"            Вал первичный КПП 432104A004_OEM PORTER";"432104A004A";2,374.00 руб
;"            Венец маховика 2321242000 PORTER";2321242000;1,675.00 руб
;"            Вентилятор кондиционера 977304B100_OEM PORTER";"977304B100";2,490.00 руб
;"            Вилка кпп 1-2 передачи 438414A001 PORTER";"438414A001";315.00 руб
;"            Вилка кпп 3-4 передачи 438614A001 PORTER";"438614A001";315.00 руб
;"            Вилка кпп 5-задней передачи 438624A001 PORTER";"438624A001";597.00 руб
;"            Вилка сцепления 414134A000 PORTER";"414134A000";496.00 руб
;"            Вилка сцепления 414134A000_OEM PORTER";"414134A000A";210.00 руб
;"            Вилка тяг кпп 4367544000 PORTER";4367544000;199.00 руб
;"            Вискомуфта 2523742561 PORTER, GRACE";2523742561;2,990.00 руб
;"            Вискомуфта 2523742561_OEM PORTER, GRACE";2523742561;2,490.00 руб
;"            Вкладыши коренные 0,25 2102042907_OEM PORTER";"2102042907A";964.00 руб
;"            Вкладыши коренные стандартные 2102042033 PORTER";2102042033;1,426.00 руб
;"            Вкладыши шатунные 0,25 2306042911 PORTER";2306042911;1,785.00 руб
;"            Вкладыши шатунные 0,5 2306042912 PORTER";2306042912;1,785.00 руб
;"            Вкладыши шатунные 0,5 2306042912_OEM PORTER";"2306042912A";859.00 руб
;"            Вкладыши шатунные стандартные 2306042000 PORTER, GRACE";"2306042000A";1,116.00 руб
;"            Вкладыши шатунные стандартные 2306042000_OEM PORTER, GRACE";2306042000;740.00 руб
;"            Воздуховод вентиляции салона 971814B000 PORTER";"971814B000";729.00 руб
;"            Втулка амортизатора заднего 5531145001 PORTER";5531145001;10.00 руб
;"            Втулка амортизатора переднего 5431144000 PORTER";5431144000;20.00 руб
;"            Втулка реактивной тяги 547514B003 PORTER";"547514B003";79.00 руб
;"            Втулка рессорная 552564B000 PORTER";"552564B000";50.00 руб
;"            Втулка рессорная 5525744100 PORTER см 552564B000";5525744100;50.00 руб
;"            Втулка сайлентблока фторопластовая длинная VTULKADLINPORTER  PORTER,GRACE";"VTULKADLINPORTER";100.00 руб
;"            Втулка сайлентблока фторопластовая короткая  VTULKAKORPORTER PORTER,GRACE";"VTULKAKORPORTER";100.00 руб
;"            Втулка стабилизатора переднего 547114B000 PORTER";"547114B000";75.00 руб
;"            Втулка стабилизатора переднего 547114B000_OEM PORTER";"547114B000";40.00 руб
;"            Втулка шатуна 2351742001  PORTER,GRACE";2351742001;99.00 руб
;"            Выключатель (кнопка) аварийных сигналов 9379043800 PORTER";9379043800;297.00 руб
;"            Выключатель (кнопка) противотуманных фонарей 9374043800 PORTER";9374043800;310.00 руб
;"            Выключатель стеклоподъемников левый 9369143600 PORTER";9369143600;612.00 руб
;"            Выключатель стеклоподъемников правый 9369243600 PORTER";9369243600;612.00 руб
;"            Гайка колеса 5295147000 PORTER";5295147000;59.00 руб
;"            Гайка крепления амортизатора заднего 1346812001 PORTER, ACCENT, H-1, SANTA FE, TERRACAN";1346812001;9.00 руб
;"            Гайка ступицы передней 5185544000 PORTER,GRACE";5185544000;49.00 руб
;"            Генератор 3730042620 PORTER";3730042620;11,718.00 руб
;"            Генератор 3730042620_OEM PORTER";3730042620;5,900.00 руб
;"            Генератор 3730042621 PORTER";3730042621;11,718.00 руб
;"            Генератор 3730042621 PORTER см 3730042620";3730042621;11,718.00 руб
;"            Гильза 2113142001 PORTER";2113142001;1,215.00 руб
;"            Гильза 2113142001_OEM (YPR) PORTER";"2113142001A";790.00 руб
;"            Глушителя втулка 2865821010 PORTER";2865821010;75.00 руб
;"            Датчик воды топливного фильтра (сенсор) 3197443000_OEM PORTER,GRACE";3197443000;216.00 руб
;"            Датчик давления масла 9475021030 PORTER, GRACE";9475021030;290.00 руб
;"            Датчик давления масла 9475037000 PORTER";9475037000;367.00 руб
;"            Датчик давления топлива 3920042030/42020 PORTER";3920042030;1,435.00 руб
;"            Датчик заднего хода 938604A010_OEM PORTER";"938604A010";290.00 руб
;"            Датчик температурный 3923042000 PORTER";3923042000;227.50 руб
;"            Датчик температурный 9772447000 PORTER";9772447000;319.00 руб
;"            Датчик температурный охлаждающей жидкости 9465042061 PORTER";9465042061;299.00 руб
;"            Датчик уровня топлива 311024B000 PORTER";"311024B000";2,204.00 руб
;"            Датчик числа оборотов 3965042100 PORTER";3965042100;783.00 руб
;"            Дверь левая 7610143300 PORTER см 7610143403";7610143300;9,533.00 руб
;"            Дверь левая 7610143403 PORTER";7610143403;9,533.00 руб
;"            Дверь правая 7620143503 PORTER";7620143503;9,533.00 руб
;"            Дефлекторы  комплект DEFLE4B000 PORTER";"DEFLE4B000";490.00 руб
;"            Диск колеса 14 штамп 5291047050 PORTER";5291047050;1,990.00 руб
;"            Диск сцепления 411004B077 PORTER, GRACE 98-";"411004B077";3,365.00 руб
;"            Диск сцепления 411004B077_OEM (HD-90) PORTER, GRACE 98-";"411004B077";2,379.00 руб
;"            Диск тормозной передний 5812944010 PORTER";5812944010;1,822.00 руб
;"            Диск тормозной передний 5812944010_OEM PORTER";"5812944010A";1,053.00 руб
;"            Замок двери левой 8111043910 PORTER";8111043910;499.00 руб
;"            Замок двери левой 811104B010 PORTER";"811104B010";499.00 руб
;"            Замок двери правой 811204B010 PORTER";"811204B010";499.00 руб
;"            Замок зажигания (две личинки с ключом) 9311243300 PORTER";9311243300;1,187.00 руб
;"            Замок зажигания 931104BA00 PORTER, GRACE";"931104BA00";1,890.00 руб
;"            Замок зажигания в сборе 819014B001 PORTER";"819014B001";3,670.00 руб
;"            Зеркало в сборе левое на дугах 8711143300 PORTER, GRACE";8711143300;1,147.00 руб
;"            Зеркало в сборе правое на дугах (с круглым) 8711243300 PORTER, GRACE";8711243300;1,543.00 руб
;"            Зеркало внутрисалонное 8511043010 PORTER";8511043010;484.00 руб
;"            Зеркало круглое 8712143010 PORTER, GRACE";8712143010;389.00 руб
;"            Зеркало левое 8711043400 PORTER";8711043400;1,325.00 руб
;"            Зеркало левое 8711043400_OEM  PORTER";8711043400;869.00 руб
;"            Зеркало правое 8712043400 PORTER";8711043400;1,325.00 руб
;"            Зеркало правое 8712043400_OEM  PORTER";8711043400;869.00 руб
;"            Капот 661004B050 PORTER см 661004B651";"661004B050";8,900.00 руб
;"            Капот 661004B651 PORTER";"661004B651";8,900.00 руб
;"            Клапан ГБЦ впускной 2221142860 PORTER";2221142860;349.00 руб
;"            Клапан ГБЦ выпускной 2221242860 PORTER";2221242860;590.00 руб
;"            Клапан ГБЦ выпускной 2221242860_OEM PORTER,GRACE";2221242860;170.00 руб
;"            Клапан контроля выхлопных газов 2846142010 PORTER";2846142010;1,899.00 руб
;"            Клапан распределитель тормозной системы 594104B110 PORTER";"594104B110";4,879.00 руб
;"            Клипса крепления бампера 8659028000 PORTER";8659028000;19.00 руб
;"            Клипса крепления уплотнителя двери 8213227100 PORTER";8213227100;15.00 руб
;"            Клипса обшивки двери 8231943000 PORTER";8231943000;20.00 руб
;"            Кожух вентилятора охлаждения 2539043002 PORTER";2539043002;525.00 руб
;"            Кожух защитный диска тормозного переднего левого 581114B000 PORTER";"581114B000";199.00 руб
;"            Кожух защитный диска тормозного переднего правого 582114B000 PORTER";"582114B000";199.00 руб
;"            Коленвал 2311142003 PORTER";2311142003;16,500.00 руб
;"            Коллектор выпускной 2851042540 PORTER";2851042540;1,885.00 руб
;"            Колодки задние барабанные 583054BA20 (SA140) PORTER";"583054BA20";2,234.00 руб
;"            Колодки задние барабанные 583054BA20_OEM (PMC) PORTER";"583054BA20A";1,440.00 руб
;"            Колодки задние барабанные 583054BA20_OEM (SA140) (HI-Q) PORTER";"583054BA20B";1,950.00 руб
;"            Колодки передние дисковые 581014BA00 PORTER,GRACE";"581014BA00";1,970.00 руб
;"            Колодки передние дисковые 581014BA00_OEM (SP1072) PORTER,GRACE";"581014BA00A";890.00 руб
;"            Колодки передние дисковые 581014BA00_OEM (SP1072)(HI-Q) PORTER,GRACE";"581014BA00B";1,100.00 руб
;"            Колодки передние дисковые 581014BA10 PORTER,GRACE";"581014BA10";1,970.00 руб
;"            Колонка рулевая 563014B021 PORTER";"563014B021";6,766.00 руб
;"            Колпак ступичной гайки 5185144000 PORTER GRACE";5185144000;90.00 руб
;"            Колпачок маслосъемный 2222442510_OEM PORTER,GRACE";"2222442510A";25.00 руб
;"            Кольца поршневые стандартные 2304042850 PORTER";2304042850;4,997.00 руб
;"            Кольца поршневые стандартные 2304042850_OEM (YPR) PORTER";"2304042850A";3,990.00 руб
;"            Кольцо стопорное полуоси 528214A000 PORTER";"528214A000";350.00 руб
;"            Компрессор кондиционера 977014B201 PORTER";"977014B201";18,719.00 руб
;"            Корзина сцепления 413004A000 PORTER";"413004A000";2,783.00 руб
;"            Корзина сцепления 413004A000_OEM (HDC-52) PORTER";"413004A000A";2,505.00 руб
;"            Корзина сцепления 413004A000_OEM (SECO) PORTER";"413004A000B";1,535.00 руб
;"            Коробка переключения передач 430004A116 PORTER";"430004A116";58,500.00 руб
;"            Коромысло впускное 2453142501_OEM PORTER,GRACE";2453142501;359.00 руб
;"            Коромысло впускное в сборе 2453142501 PORTER";"2453142501A";790.00 руб
;"            Коромысло выпускное 2452942501 PORTER,GRACE";2452942501;359.00 руб
;"            Коромысло выпускное в сборе 2452942501 PORTER,GRACE";"2452942501A";790.00 руб
;"            Корпус коробки передач 431504A024 PORTER";"431504A024";3,774.00 руб
;"            Крестовина кардана 491404A000 PORTER,GRACE";"491404A000";1,390.00 руб
;"            Крестовина кардана 491404A000/43001_OEM PORTER,GRACE";"491404A000A";780.00 руб
;"            Кронштейн бампера левый 865134B000 PORTER";"865134B000";60.00 руб
;"            Кронштейн бампера правый 865144B000 PORTER";"865144B000";60.00 руб
;"            Кронштейн масляной помпы 5717143001 PORTER";5717143001;558.00 руб
;"            Кронштейн педального узла 328624B001 PORTER";"328624B001";979.00 руб
;"            Крыло переднее левое 663104B600 PORTER";"663104B600";1,125.00 руб
;"            Крыло переднее правое 663204B600 PORTER";"663204B600";1,125.00 руб
;"            Крыльчатка вентилятора отопителя салона 972134B000 PORTER";"972134B000";249.00 руб
;"            Крыльчатка вентилятора охлаждения 2526142100 PORTER";2526142100;995.00 руб
;"            Крыша 671114B000 PORTER";"671114B000";6,939.00 руб
;"            Крышка бачка расширительного 2536543000 PORTER";2536543000;90.00 руб
;"            Крышка бензобака 310104BA01 PORTER";"310104BA01";810.00 руб
;"            Крышка бензобака 310104BA01_OEM  PORTER";"310104BA01A";357.00 руб
;"            Крышка маслозаливной горловины 2651035000 PORTER";2651035000;199.00 руб
;"            Крышка радиатора 2533033001 PORTER";2533033001;343.00 руб
;"            Крышка радиатора 2533033001_ OEM PORTER";2533033001;190.00 руб
;"            Крышка ремня ГРМ верхняя 2136042500 PORTER, GRACE";2136042500;419.00 руб
;"            Крышка ремня ГРМ нижняя 2135042500 PORTER, GRACE";2135042500;525.00 руб
;"            Кулак поворотный (цапфа) левый 5671643011 PORTER";5671643011;3,528.00 руб
;"            Кулак поворотный (цапфа) правый 5673643011 PORTER";5673643011;3,528.00 руб
;"            Личинка двери левой 8191043A00 PORTER";"8191043A00";486.00 руб
;"            Личинка двери правой 8192043A00 PORTER";"8192043A00";486.00 руб
;"            Механизм крепления запасного колеса 628104B010 PORTER";"628104B010";2,939.00 руб
;"            Молдинг стекла лобового 8612043000 PORTER, GRACE";8612043000;930.00 руб
;"            Мост задний в сборе 521004B101 PORTER";"521004B101";43,429.00 руб
;"            Мост задний в сборе 521004B812 PORTER";"521004B812";43,429.00 руб
;"            Мотор омывателя стекла лобового 985104B000 PORTER";"985104B000";499.00 руб
;"            Мотор омывателя стекла лобового 985104B000_OEM PORTER";"985104B000A";249.00 руб
;"            Мотор печки кабинной 972124B000 PORTER";"972124B000";2,330.00 руб
;"            Мотор печки кабинной 972124B100 PORTER";"972124B100";2,330.00 руб
;"            Мотор стеклоочистителя 981114B500 PORTER";"981114B500";2,249.00 руб
;"            Мотор стеклоподъемника левого 988004B010 PORTER, GRACE";"988004B010";1,978.00 руб
;"            Мотор стеклоподъемника правого 989004B010 PORTER, GRACE";"989004B010";1,910.00 руб
;"            Муфта с шестерней кпп 1-2 передачи 433804A300 PORTER";"433804A300";2,490.00 руб
;"            Муфта с шестерней кпп 3-4 передачи 433604A000 PORTER";"433604A000";2,490.00 руб
;"            Муфта с шестерней кпп 5-R передачи 433704A300 PORTER";"433704A300";2,490.00 руб
;"            Накладка бампера переднего 865104B010 PORTER";"865104B010";6,972.00 руб
;"            Накладка бампера переднего 865104B010_OEM PORTER";"865104B010";3,550.00 руб
;"            Накладка на педаль 3282536000 PORTER";3282536000;49.00 руб
;"            Накладка подножки кабины левая 8744143001 PORTER";8744143001;89.00 руб
;"            Накладка подножки кабины правая 8744243001 PORTER";8744243001;89.00 руб
;"            Накладка порога кабины левая 7115543002 PORTER";7115543002;541.00 руб
;"            Накладка порога кабины правая 7135543002 PORTER";7135543002;541.00 руб
;"            Накладка ручки двери внутренней 8261644300_OEM PORTER";8261644300;100.00 руб
;"            Наконечник рулевой 5687243010 PORTER,GRACE";5687243010;619.00 руб
;"            Наконечник рулевой 5687243010_OEM PORTER,GRACE";"5687243010A";369.00 руб
;"            Направляющая клапана гбц 2211542000 PORTER,GRACE";2211542000;129.00 руб
;"            Направляющая планка стекла двери левой 8241343001 PORTER";8241343001;249.00 руб
;"            Направляющая планка стекла двери правой 8242343001 PORTER";8242343001;249.00 руб
;"            Направляющая стекла двери 8259543001 PORTER";8259543001;49.00 руб
;"            Направляющая стекла двери левой 8251043002 PORTER";8251043002;399.00 руб
;"            Направляющая стекла двери правой 8252043002 PORTER";8252043002;399.00 руб
;"            Насос ГУР 571004B010 PORTER";"571004B010";5,755.00 руб
;"            Насос ГУР 571004B010_OEM PORTER";"571004B010";3,596.00 руб
;"            Насос масляный двигателя 2134042506 PORTER,GRACE";2134042506;6,902.00 руб
;"            Насос топливный высокого давления (тнвд) (топливная аппаратура) 3310442860 PORTER";3310442860;59,417.00 руб
;"            Насос топливный низкого давления 3197244002_OEM PORTER,GRACE";3197244002;490.00 руб
;"            Облицовка панели приборов (торпеда) 8461043800AQ PORTER";"8461043800AQ";2,119.00 руб
;"            Облицовка панели приборов (торпеда) 8480043800 PORTER";8480043800;2,119.00 руб
;"            Облицовка панели приборов (торпеда) 8481143800 PORTER";8481143800;2,119.00 руб
;"            Опора двигателя задняя 218134B000 PORTER";"218134B000";1,490.00 руб
;"            Опора двигателя задняя 218134B101 PORTER";"218134B101";1,490.00 руб
;"            Опора двигателя левая 218114B021 PORTER";"218114B021";990.00 руб
;"            Опора шаровая рычага верхнего 544174B000 PORTER,GRACE";"544174BA00";1,116.00 руб
;"            Опора шаровая рычага верхнего 544174BA00_OEM PORTER,GRACE";"544174BA00A";650.00 руб
;"            Ось коромысел 2451142000/42500 PORTER";2451142000;1,605.00 руб
;"            Ось коромысел 2451142500 PORTER";2451142500;1,605.00 руб
;"            Отбойник рессоры 5526044151 PORTER";5526044151;217.00 руб
;"            Отбойник рычага нижнего 5456043150 PORTER";5456043150;149.00 руб
;"            Отделка двери левой 823014B911CA PORTER";"823014B911CA";4,418.00 руб
;"            Отделка двери правой 823024B911CA PORTER";"823024B911CA";4,650.00 руб
;"            Палец  поршневой 2341242000 PORTER";2341242000;190.00 руб
;"            Палец  рессоры 552404B001 PORTER";"552404B001";179.00 руб
;"            Панель порога кабины левая 7115143003 PORTER";7115143003;690.00 руб
;"            Панель стойки кабины задняя левая внутренняя 712204B600/000 PORTER";"712204B600";970.00 руб
;"            Панель стойки кабины задняя левая наружная 712104B600 PORTER";"712104B600";3,383.00 руб
;"            Панель стойки кабины задняя правая внутренняя 722204B600/000 PORTER";"722204B600";970.00 руб
;"            Панель стойки кабины задняя правая наружная 722104B600 PORTER";"722104B600";3,383.00 руб
;"            Панель стойки кабины левая (усилитель) 711304B000 PORTER";"711304B000";797.00 руб
;"            Панель стойки кабины левая 711904B042 PORTER";"711904B042";4,490.00 руб
;"            Панель стойки кабины правая (усилитель) 721304B000 PORTER";"721304B000";797.00 руб
;"            Панель стойки кабины правая 721904B662 PORTER";"721904B662";4,392.00 руб
;"            Панель фары левой 661304B000 PORTER";"661304B000";807.00 руб
;"            Панель фары правой 661404B000 PORTER";"661404B000";807.00 руб
;"            Пара плунжерная PLUNGERPORTER PORTER, GRACE";"PLUNGERPORTER";12,564.00 руб
;"            Пастель распредвала 1 2211942000 PORTER,  GRACE";"2211942000A";756.00 руб
;"            Пастель распредвала 2 2211942000 PORTER,  GRACE";"2211942000B";504.00 руб
;"            Пастель распредвала 5 2211942000 PORTER, GRACE";"2211942000C";504.00 руб
;"            Патрубок радиатора верхний 254114B000 PORTER";"254114B000";490.00 руб
;"            Патрубок радиатора нижний 254124B050 PORTER";"254124B050";490.00 руб
;"            Переключатель подрулевой (переключение поворотов) 934204B200 PORTER";"934204B200";213.00 руб
;"            Переключатель подрулевой (переключение света и поворотов) 934104B200 PORTER";"934104B200";395.00 руб
;"            Переключатель подрулевой (переключение щеток) 934404B200 PORTER";"934404B200";470.00 руб
;"            Переключатель подрулевой в сборе 934004B300 PORTER";"934004B300";1,989.00 руб
;"            Петля двери левой, правой 7911043001 PORTER";7911043001;317.00 руб
;"            Печка кабинная в сборе 972104B110 PORTER";"972104B110";7,629.00 руб
;"            Пластина серьги рессоры 5525544000 PORTER";5525544000;241.00 руб
;"            Площадка для ноги водителя 328184B002 PORTER";"328184B002";319.00 руб
;"            Поводок стеклоочистителя левый 983104B010 PORTER,GRACE";"983104B010";321.00 руб
;"            Поводок стеклоочистителя правый 983204B010 PORTER,GRACE";"983204B010";321.00 руб
;"            Поддон двигателя 2151042161 PORTER";2151042161;4,181.00 руб
;"            Подшипник выжимной 4141249600_OEM (PMC) PORTER";4141249600;759.00 руб
;"            Подшипник выжимной 4141249650 PORTER";4141249650;1,120.00 руб
;"            Подшипник выжимной 4141249650_OEM (PMC) PORTER";"4141249650B";759.00 руб
;"            Подшипник выжимной 4141249650_OEM (PRB-50) PORTER";"4141249650A";1,120.00 руб
;"            Подшипник дифференциала(89449) 5333243020 PORTER";5333243020;859.00 руб
;"            Подшипник кпп 432204A040_ OEM PORTER";"432204A040A";322.00 руб
;"            Подшипник кпп 432224A050_ OEM PORTER";"432224A050A";712.00 руб
;"            Подшипник кпп 432234A050_ OEM PORTER";"432234A050A";418.00 руб
;"            Подшипник кпп 432254A040_ OEM PORTER";"432254A040";282.00 руб
;"            Подшипник кпп 432264A040_ OEM PORTER";"432264A040A";1,608.00 руб
;"            Подшипник кпп 432954A040_ OEM PORTER";"432954A040A";518.00 руб
;"            Подшипник кпп вторичного вала игольчатый 432294A060 PORTER";"432294A060";329.00 руб
;"            Подшипник кпп вторичного вала игольчатый 432354A060 PORTER";"432354A060";180.00 руб
;"            Подшипник кпп вторичного вала игольчатый 4325334160 PORTER";4325334160;207.00 руб
;"            Подшипник кпп вторичного вала игольчатый 432754A060 PORTER";"432754A060";289.00 руб
;"            Подшипник маховика 2322141010 (6002) PORTER, GRACE";2322141010;199.00 руб
;"            Подшипник маховика 2322142020 (6203) PORTER";2322142020;310.00 руб
;"            Подшипник маховика 2322142020_OEM (6203) PORTER";2322142020;179.00 руб
;"            Подшипник полуоси 527014A000 PORTER";"527014A000";687.00 руб
;"            Подшипник полуоси 527014A000_OEM PORTER";"527014A000";390.00 руб
;"            Подшипник ступицы внутренний 5170144000 PORTER,GRACE";5170144000;563.00 руб
;"            Подшипник ступицы внутренний 5170144030_OEM (LM48548RG3/51) PORTER,GRACE";5170144030;351.00 руб
;"            Подшипник ступицы задней 5270144120 PORTER";5270144120;748.00 руб
;"            Подшипник ступицы наружний 5170344030 PORTER,GRACE";5170344030;472.00 руб
;"            Подшипник ступицы наружный 5170344030_OEM (M12649R/61) PORTER,GRACE";5170344030;297.00 руб
;"            Подшипник хвостовика моста 5333144010_OEM PORTER";5333144010;675.00 руб
;"            Полуось 526114B900 PORTER";"526114B900";4,975.00 руб
;"            Помпа водяная 2510042541 PORTER,GRACE";2510042541;4,141.00 руб
;"            Помпа водяная 2510042541_OEM PORTER";2510042541;2,494.00 руб
;"            Поршень с пальцем стандартный 2341042862 PORTER";2341042862;1,521.00 руб
;"            Предохранитель 9182322300 PORTER 60A";9182322300;59.00 руб
;"            Пробка радиатора сливная 2531833000 PORTER, GRACE";2531833000;99.00 руб
;"            Прокладка ГБЦ 2231142525 PORTER, GRACE";2231142525;639.00 руб
;"            Прокладка ГБЦ 2231142525_OEM PORTER, GRACE";2231142525;490.00 руб
;"            Прокладка клапанной крышки 2244142000 PORTER, GRACE";2244142000;378.00 руб
;"            Прокладка клапанной крышки 2244142000_OEM PORTER, GRACE";2244142000;189.00 руб
;"            Прокладка клапанной крышки 2244142902 PORTER, GRACE";2244142902;378.00 руб
;"            Прокладка клапанной крышки полукруглая 2244242001 PORTER, GRACE";2244242001;50.00 руб
;"            Прокладка коллектора 2852042070/42060_OEM PORTER, GRACE";2852042070;350.00 руб
;"            Прокладка корпуса масляного фильтра 2632642070 PORTER";2632642070;69.00 руб
;"            Прокладка корпуса термостата 2512842541 PORTER";2512842541;47.00 руб
;"            Прокладка насоса масляного 2144442060 PORTER";2144442060;143.00 руб
;"            Прокладка насоса масляного верхняя 2141142060 PORTER";2141142060;141.00 руб
;"            Прокладка помпы водяной 2512442060 PORTER";2512442060;50.00 руб
;"            Прокладка резонатора 2876428020 PORTER, SONATA";2876428020;120.00 руб
;"            Прокладка резонатора 2876436010 PORTER, SONATA";2876436010;120.00 руб
;"            Прокладка системы охлаждения 2215542882 PORTER";2215542882;25.00 руб
;"            Прокладка термостата 2512642060 PORTER";2512642060;39.00 руб
;"            Прокладки двигателя набор 2091042A10 PORTER";"2091042A10";1,999.00 руб
;"            Прокладки двигателя набор 2091042B01_OEM PORTER, GRACE";"2091042B01";1,990.00 руб
;"            Прокладки двигателя набор 2092042B01_OEM н/п PORTER, GRACE";"2092042B01";779.00 руб
;"            Пружина тормозного механизма заднего 583644B800 PORTER";"583644B800";59.00 руб
;"            Пружина тормозного механизма заднего 583844A000 PORTER";"583844A000";66.00 руб
;"            Пружина тормозного механизма заднего 583884A000 PORTER";"583884A000";59.00 руб
;"            Пыльник вилки сцепления 414274A000 PORTER";"414274A000";99.00 руб
;"            Пыльник полуоси заднего моста 5275744101 PORTER";5275744101;89.00 руб
;"            Пыльник рейки рулевой 5777443010_OEM PORTER";5777443010;190.00 руб
;"            Радиатор кондиционера 976314B003 PORTER";"976314B003";3,760.00 руб
;"            Радиатор масляный 264004B301 PORTER";"264004B301";5,525.00 руб
;"            Радиатор масляный 264004B301_OEM PORTER";"264004B301A";3,390.00 руб
;"            Радиатор охлаждения 253104B001 PORTER";"253104B001";8,799.00 руб
;"            Радиатор охлаждения 253104B001_OEM PORTER";"253104B001";5,642.00 руб
;"            Радиатор печи кабинной 972114B110 PORTER";"972114B110";3,770.00 руб
;"            Радиатор печи кабинной 972114B110_OEM PORTER";"972114B110A";2,150.00 руб
;"            Рамка фары левая 864314B000 PORTER";"864314B000";315.00 руб
;"            Рамка фары левая 864314B000_OEM PORTER";"864314B000A";150.00 руб
;"            Рамка фары правая 864414B000 PORTER";"864414B000";315.00 руб
;"            Рамка фары правая 864414B000_OEM PORTER";"864414B000A";150.00 руб
;"            Распредвал 2411042200 PORTER";2411042200;4,671.00 руб
;"            Распредвал 2411042500/42200 PORTER";2411042500;4,671.00 руб
;"            Распылитель форсунки 338004B112 (112) PORTER, GRACE";"338004B112";650.00 руб
;"            Редуктор заднего моста 530004B702 PORTER";"530004B702";16,785.00 руб
;"            Редуктор рулевой колонки 564004B000 PORTER";"564004B000";4,987.00 руб
;"            Резинка педали газа 3271143000 PORTER";3271143000;20.00 руб
;"            Резистор 3951042002 PORTER";3951042002;153.00 руб
;"            Рейка рулевая с гидроусилителем (с наконечниками) 5770543012 PORTER";5770543012;18,850.00 руб
;"            Рейка рулевая с гидроусилителем 577054B010 PORTER";"577054B010";17,850.00 руб
;"            Реле 9522022200 PORTER";9522022200;139.00 руб
;"            Реле втягивающее 3612042000 PORTER";3612042000;1,156.00 руб
;"            Реле интегральное генератора 3737042000_OEM PORTER";"3737042000A";623.00 руб
;"            Реле поворотов 9555034000 PORTER";9555034000;219.00 руб
;"            Реле свечей накаливания 3686042300 PORTER";3686042300;390.00 руб
;"            Реле стартера 952304B100 PORTER";"952304B100";249.00 руб
;"            Ремень балансирного вала (99з) 2335642500 PORTER, GRACE, H-1";2335642500;1,470.00 руб
;"            Ремень балансирного вала (99з) 2335642500_OEM (DONGIL) PORTER, GRACE";"2335642500A";760.00 руб
;"            Ремень генератора 2521542040/41 PORTER, GRACE98-, GALLOPER";2521542040;285.00 руб
;"            Ремень генератора 2521542041 PORTER, GRACE98-, GALLOPER, H-1";2521542041;290.00 руб
;"            Ремень генератора 2521542041_OEM PORTER, GRACE98-, GALLOPER, H-1";2521542041;163.00 руб
;"            Ремень гидроусилителя 5718143000 PORTER";5718143000;217.00 руб
;"            Ремень гидроусилителя 5718143000_OEM (DONGIL) PORTER";"5718143000A";154.00 руб
;"            Ремень ГРМ 2431542200 (163з) PORTER, GRACE, H-1";2431542200;2,795.00 руб
;"            Ремень ГРМ 2431542200_OEM (163з) (CONTITECH) PORTER, GRACE";"2431542200A";1,350.00 руб
;"            Ремень ГРМ 2431542200_OEM (163з) (DONGIL) PORTER, GRACE";"2431542200B";1,740.00 руб
;"            Ремень ГРМ 2431542200_OEM (163з) (GATES) PORTER, GRACE";"2431542200C";1,740.00 руб
;"            Ремень ГРМ 2431542200_OEM (163з) (ISORAN) PORTER, GRACE";"2431542200D";1,740.00 руб
;"            Ремень кондиционера 977134A010 PORTER";"977134A010";335.00 руб
;"            Ремень кондиционера 977134A010_OEM PORTER";"977134A010";173.00 руб
;"            Ремкомплект насоса гидроусилителя руля (гур) 5715034A00 PORTER";"5715034A00";414.00 руб
;"            Ремкомплект переднего суппорта 5810244A00 PORTER,GRACE";"5810244A00";640.00 руб
;"            Ремкомплект переднего суппорта 5810244A00_OEM PORTER,GRACE";"5810244A00";419.00 руб
;"            Ремкомплект рулевой рейки 5779043A01 PORTER";"5779043A01";1,079.00 руб
;"            Ремкомплект цилиндра тормозного главного 585104BA00 PORTER";"585104BA00";799.00 руб
;"            Ремкомплект цилиндра тормозного рабочего 583014BA00 PORTER";"583014BA00";399.00 руб
;"            Рессора 551004B003 PORTER";"551004B003";6,233.00 руб
;"            Рессора 551004B700 PORTER см 551004B003";"551004B700";6,233.00 руб
;"            Решетка вентиляции салона 874854B000 PORTER";"874854B000";95.00 руб
;"            Ролик кондиционера 231294B001 PORTER";"231294B001";1,290.00 руб
;"            Ролик кондиционера 231294B001_OEM PORTER";"231294B001A";1,071.00 руб
;"            Ролик натяжной ремня балансирного 2335742030 PORTER, GRACE, H-1";2335742030;1,523.00 руб
;"            Ролик натяжной ремня балансирного 2335742030_OEM PORTER, GRACE";"2335742030A";895.00 руб
;"            Ролик натяжной ремня грм 2431742020 PORTER, GRACE, H-1";2431742020;1,523.00 руб
;"            Ролик натяжной ремня грм 2431742020_OEM PORTER, GRACE";"2431742020A";895.00 руб
;"            Ручка двери внутренняя левая 8261043300AQ PORTER";"8261043300AQ";190.00 руб
;"            Ручка двери внутренняя правая 8262043300AQ PORTER, GRACE";"8262043300AQ";190.00 руб
;"            Ручка двери левой наружная 826504B000_OEM PORTER";"826504B000";290.00 руб
;"            Ручка двери правой наружная 826604B000_OEM (металлическая) PORTER";"826604B000";290.00 руб
;"            Ручка двери правой наружная 826604B000_OEM PORTER, GRACE GR, POR";"826604B000";290.00 руб
;"            Ручка рычага переключения КПП 4371122000 PORTER";4371122000;149.00 руб
;"            Рычаг верхний левый 544104B000_OEM PORTER, GRACE";"544104B000";3,379.00 руб
;"            Рычаг верхний правый 544304B000_OEM PORTER, GRACE";"544304B000";3,379.00 руб
;"            Рычаг нижний левый 545104B001 PORTER";"545104B001";3,980.00 руб
;"            Рычаг нижний левый 545104B001_OEM PORTER";"545104B001";1,990.00 руб
;"            Рычаг нижний правый 545404B001 PORTER";"545404B001";3,980.00 руб
;"            Рычаг нижний правый 545404B001_OEM PORTER";"545404B001";1,990.00 руб
;"            Рычаг ручного тормоза 597104B020 PORTER";"597104B020";897.00 руб
;"            Сайлентблок длинный рычага верхнего SALENTBLOCUPPOR PORTER,  GRACE";"SALENTBLOCUPPOR";200.00 руб
;"            Сайлентблок короткий рычага верхнего SALENTBLOCLOPOR PORTER, GRACE";"SALENTBLOCLOPOR";150.00 руб
;"            Сайлентблок нижнег рычага 545224B010 PORTER,GRACE";"545224B010";262.00 руб
;"            Сайлентблок нижнег рычага 545224B010_OEM PORTER,GRACE";"545224B010A";171.00 руб
;"            Сальник балансировочных валов левый 2132142011 PORTER,GRACE";2132142011;99.00 руб
;"            Сальник балансировочных валов правый 2132142021 PORTER,GRACE";2132142021;109.00 руб
;"            Сальник заднего моста 5335244000 PORTER,GRACE";5335244000;199.00 руб
;"            Сальник коленвала задний 2132142041 PORTER,GRACE, GALLOPER";2132142041;389.00 руб
;"            Сальник коленвала передний 2132133114 PORTER,GRACE, SANTA FE";2132133114;295.00 руб
;"            Сальник коленвала передний 2132142031 PORTER,GRACE";2132142031;199.00 руб
;"            Сальник кпп 4314644000_OEM PORTER 16 28 7";4314644000;59.00 руб
;"            Сальник первичного вала кпп 431434A001 PORTER,GRACE";"431434A001";87.00 руб
;"            Сальник полуоси (37 62 14) 528104A000 PORTER";"528104A000";144.00 руб
;"            Сальник полуоси внутренний 5281044100 PORTER,GRACE";5281044100;350.00 руб
;"            Сальник полуоси наружний 528204B100 PORTER,GRACE";"528204B100";100.00 руб
;"            Сальник полуоси наружный ( 50 65 10) 528204A000 PORTER,GRACE";"528204A000";149.00 руб
;"            Сальник распредвала 2214435000 PORTER,GRACE";2214435000;199.00 руб
;"            Сальник рейки рулевой (32 6 7) 577901SALNPORTER PORTER,GRACE";"577901SALNPORTER";159.00 руб
;"            Сальник рейки рулевой (высокого давления) 57790SALNIPORTER PORTER,GRACE";"57790SALNIPORTER";200.00 руб
;"            Сальник ступицы 5183044000 PORTER,GRACE";5183044000;149.00 руб
;"            Сальник ступицы 5183044000_OEM PORTER,GRACE";5183044000;99.00 руб
;"            Сальник ступицы задней внешний 528204B100 PORTER";"528204B100";99.00 руб
;"            Сальник ступицы задней внутренний 5281044100 PORTER";5281044100;99.00 руб
;"            Сальник тнвд SALPORTER PORTER";"SALPORTER";250.00 руб
;"            Сальник хвостовика кпп (вторичного вала) 431564A000 PORTER,GRACE";"431564A000";115.00 руб
;"            Свеча накаливания 3671042020 PORTER, H-200";3671042020;558.00 руб
;"            Свеча накаливания 3671042020_OEM PORTER, H-200, TERRACAN";"3671042020A";290.00 руб
;"            Серьга рессоры 5525043103 PORTER";5525043103;819.00 руб
;"            Серьга рессоры 5525043103_OEM PORTER";"5525043103A";470.00 руб
;"            Сигнал звуковой 9662038100_OEM PORTER";9662038100;490.00 руб
;"            Сигнал звуковой 9662038102 PORTER";9662038102;690.00 руб
;"            Синхронизатор КПП 1-2 передачи 433504A300 PORTER";"433504A300";1,795.00 руб
;"            Синхронизатор КПП 3-4 передачи 433844A001 PORTER";"433844A001";435.00 руб
;"            Синхронизатор КПП 5-R передачи 433854A300 PORTER";"433854A300";435.00 руб
;"            Скоба опорная стабилизатора (хомут) 5471343161 PORTER";5471343161;59.00 руб
;"            Спидометр 9421043861 PORTER";9421043861;2,144.00 руб
;"            Стабилизатор передний 547104B700 PORTER";"547104B700";1,459.00 руб
;"            Стартер 3610042050 PORTER, GRACE";3610042050;13,890.00 руб
;"            Стартер 3610042050_OEM PORTER, GRACE";3610042050;6,210.00 руб
;"            Стартера бендикс 3613942000 PORTER, GRACE";3613942000;1,750.00 руб
;"            Стартера бендикс 3613942000_OEM (VALEO)  PORTER";"3613942000A";1,319.00 руб
;"            Стекло двери левой 8241143001 PORTER, GRACE";8241143001;1,838.00 руб
;"            Стекло двери правой 8242143001 PORTER, GRACE";8242143001;1,838.00 руб
;"            Стекло лобовое 8611043001 PORTER, GRACE";8611043001;5,518.00 руб
;"            Стекло лобовое 8611043001_OEM PORTER, GRACE";8611043001;3,490.00 руб
;"            Стекло щитка приборов 9436043800 PORTER";9436043800;839.00 руб
;"            Стеклоподъемник электрический левой двери 824074B010 PORTER, GRACE";"824074B010";859.00 руб
;"            Стеклоподъемник электрический левой двери 8243043011 PORTER, GRACE";8243043011;859.00 руб
;"            Стеклоподъемник электрический правой двери 824084B010 PORTER, GRACE";"824084B010";859.00 руб
;"            Стеклоподъемник электрический правой двери 8244043011 PORTER, GRACE";8244043011;859.00 руб
;"            Стремянка рессоры 5522544150 PORTER";5522544150;249.00 руб
;"            Ступица задняя 527524B100 PORTER";"527524B100";1,997.00 руб
;"            Ступица передняя 5175144031 PORTER";5175144031;1,550.00 руб
;"            Ступица передняя в сборе 5177044024 PORTER";5177044024;2,975.00 руб
;"            Суппорт левый 581804BA20  PORTER,GRACE";"581804BA20";3,500.00 руб
;"            Суппорт левый 581804BA20_OEM  PORTER,GRACE";"581804BA20";3,500.00 руб
;"            Суппорт правый 581904BA20 PORTER,GRACE";"581904BA20";3,500.00 руб
;"            Суппорт правый 581904BA20_OEM PORTER,GRACE";"581904BA20";3,500.00 руб
;"            Сцепления камера масляная 415534A300/43001 PORTER";"415534A300";868.00 руб
;"            Тахометр 9422043850 PORTER";9422043850;1,499.00 руб
;"            Термостат 2551042010/42850 PORTER";2551042010;499.00 руб
;"            Термостат 2551042010/42850_OEM (SHINWHA) PORTER";"2551042010A";399.00 руб
;"            Термостат 2551042850/42010 PORTER";2551042850;499.00 руб
;"            Торсион левый 541504B001 PORTER, GRACE";"541504B001";1,550.00 руб
;"            Торсион правый 541604B001 PORTER, GRACE";"541604B001";1,550.00 руб
;"            Трапеция стеклоочистителя 982104B000 PORTER";"982104B000";850.00 руб
;"            Трос акселератора 327404B000_OEM PORTER";"327404B000A";279.00 руб
;"            Трос акселератора 327404B100 PORTER";"327404B100";582.00 руб
;"            Трос газа 329704B000 PORTER";"329704B000";421.00 руб
;"            Трос газа 329704B000_OEM PORTER";"329704B000A";276.00 руб
;"            Трос КПП 437704B360 PORTER";"437704B360";1,563.00 руб
;"            Трос ручника центральный 599114B363 PORTER";"599114B363";1,812.00 руб
;"            Трос ручного тормоза 599114B164 PORTER";"599114B164";1,812.00 руб
;"            Трос спидометра 943104B006 PORTER";"943104B006";679.00 руб
;"            Труба приемная глушителя (передняя часть) 286104B261 PORTER";"286104B261";2,456.00 руб
;"            Трубка гур 575304B001 PORTER";"575304B001";949.00 руб
;"            Трубка кондиционера 1 976624B004_OEM PORTER";"976624B004";1,550.00 руб
;"            Трубка кондиционера 2 976724B002_OEM PORTER";"976724B002";1,409.00 руб
;"            Трубка кондиционера 3 976714B001_OEM PORTER";"976714B001";918.00 руб
;"            Трубка кондиционера 4 976614B003_OEM PORTER";"976614B003";1,612.00 руб
;"            Трубка кондиционера 5 976734B004_OEM PORTER";"976734B004";1,488.00 руб
;"            Трубка обратки насоса гидроусилителя руля 575704B001 PORTER";"575704B001";767.00 руб
;"            Трубка под щуп масляный 2662142200 PORTER";2662142200;199.00 руб
;"            Трубка сцепления 418204B001 PORTER";"418204B001";372.00 руб
;"            Трубка сцепления 4187043260 PORTER";4187043260;372.00 руб
;"            Трубка тормозная 587144B000 PORTER";"587144B000";99.00 руб
;"            Трубка тормозная 587154B000 PORTER";"587154B000";99.00 руб
;"            Турбина 282004B160 PORTER";"282004B160";29,750.00 руб
;"            Турбины привод заслонки 282484B161 PORTER";"282484B161";1,513.00 руб
;"            Турбины прокладка 282474A150 PORTER";"282474A150";30.00 руб
;"            Турбины прокладка 2825042850 PORTER";2825042850;190.00 руб
;"            Турбины прокладка 2825542540 PORTER";2825542540;190.00 руб
;"            Тяга реактивная 547504B002 PORTER";"547504B002";990.00 руб
;"            Тяга рулевая 577304B000 PORTER, GRACE";"577304B000";890.00 руб
;"            Тяга рулевая 577304B000_OEM PORTER, GRACE";"577304B000A";536.00 руб
;"            Указатель поворотов левый 923014B001_OEM PORTER";"923014B001";890.00 руб
;"            Указатель поворотов левый 923014B101 PORTER";"923014B101";1,523.00 руб
;"            Указатель поворотов правый 923024B001_OEM PORTER";"923024B001";890.00 руб
;"            Указатель поворотов правый 923024B101 PORTER";"923024B101";1,523.00 руб
;"            Указатель температуры 9442043810 PORTER";9442043810;589.00 руб
;"            Указатель топлива 9441043810 PORTER";9441043810;589.00 руб
;"            Указателя поворотов левого стекло 923104B001_OEM PORTER";"923104B001";450.00 руб
;"            Указателя поворотов правого стекло 923204B001_OEM PORTER";"923204B001";450.00 руб
;"            Уплотнитель двери передней левой (нащельник) 822104B000 PORTER";"822104B000";509.00 руб
;"            Уплотнитель стекла двери передней 825914B000 PORTER";"825914B000";390.00 руб
;"            Усилитель бампера верхний 865404B000 PORTER";"865404B000";575.00 руб
;"            Усилитель бампера переднего 865204B000 PORTER";"865204B000";1,978.00 руб
;"            Усилитель бампера переднего 865204B000_OEM PORTER";"865204B000";2,178.00 руб
;"            Усилитель вакуумный тормозов 586104B100 PORTER";"586104B100";6,278.00 руб
;"            Фара левая 921014B000 PORTER";"921014B000";1,490.00 руб
;"            Фара левая 921014B000_OEM PORTER";"921014B000A";890.00 руб
;"            Фара правая 921024B000_OEM PORTER";"921024B000A";890.00 руб
;"            Фара правая 921024В000 PORTER";"921024В000";1,490.00 руб
;"            Фара противотуманная 922014B000 PORTER";"922014B000";1,490.00 руб
;"            Фара противотуманная 922014B000_OEM PORTER";"922014B000A";890.00 руб
;"            Фильтр воздушный 2813044000 PORTER,GRACE";2813044000;530.00 руб
;"            Фильтр воздушный 2813044000_OEM PORTER,GRACE";"2813044000A";350.00 руб
;"            Фильтр масляный 2630042040 PORTER,GRACE, H-1";2630042040;390.00 руб
;"            Фильтр масляный 2630042040_OEM PORTER,GRACE, STAREX дизель";"2630042040A";250.00 руб
;"            Фильтр топливный 3197344001 PORTER,GRACE";3197344001;390.00 руб
;"            Фильтр топливный 3197344001_OEM PORTER,GRACE, STAREX дизель";"3197344001A";250.00 руб
;"            Фильтр топливный в сборе 3197043201 PORTER,GRACE";3197043201;1,464.00 руб
;"            Фиттинг системы охлаждения 2215142033 PORTER";2215142033;590.00 руб
;"            Фонарь задний левый (без проводки) 924014B100_OEM PORTER";"924014B100B";570.00 руб
;"            Фонарь задний левый 924014B100 PORTER";"924014B100";1,541.00 руб
;"            Фонарь задний левый 924014B100_OEM PORTER";"924014B100A";990.00 руб
;"            Фонарь задний правый (без проводки) 924024B100_OEM PORTER";"924024B100B";570.00 руб
;"            Фонарь задний правый 924024B100 PORTER";"924024B100";1,541.00 руб
;"            Фонарь задний правый 924024B100_OEM PORTER";"924024B100A";990.00 руб
;"            Фонаря заднего стекло 924104B100_OEM PORTER";"924104B100";450.00 руб
;"            Форсунка топливная в сборе 3380042020 PORTER";3380042020;2,997.00 руб
;"            Форсунка топливная в сборе 3380042020_OEM (DOOWON) PORTER";"3380042020A";1,842.00 руб
;"            Форсунка топливная в сборе 3380042500 PORTER";3380042500;1,842.00 руб
;"            Хвостовик вала карданного 491204B100/4A000 PORTER";"491204B100";1,490.00 руб
;"            Цилиндр сцепления главный  416004B001 PORTER";"416004B001";1,470.00 руб
;"            Цилиндр сцепления главный 416004B001_OEM PORTER, GRACE";"416004B001A";837.00 руб
;"            Цилиндр сцепления рабочий  4170043150 PORTER";4170043150;1,130.00 руб
;"            Цилиндр сцепления рабочий  4170043150_OEM PORTER";"4170043150A";837.00 руб
;"            Цилиндр тормозной главный  591104B010 PORTER, GRACE 93-";"591104B010";3,333.00 руб
;"            Цилиндр тормозной главный 591104B010_OEM PORTER,GRACE 93-";"591104B010A";2,200.00 руб
;"            Цилиндр тормозной рабочий задний левый 583204B820 PORTER";"583204B820";1,320.00 руб
;"            Цилиндр тормозной рабочий задний правый 584204B820 PORTER";"584204B820";1,320.00 руб
;"            Цилиндр тормозной рабочий задний правый 584204B820_OEM PORTER";"584204B820A";814.00 руб
;"            Шайба болта гбц 2232242002 PORTER, GRACE, TERRACAN";2232242002;20.00 руб
;"            Шайба обратки 3154242000 PORTER, GRACE";3154242000;30.00 руб
;"            Шайба распылителя 3381442001 PORTER, GRACE";3381442001;30.00 руб
;"            Шайба тормозного механизма заднего 583584A000 PORTER";"583584A000";30.00 руб
;"            Шайба форсунки 3381342000 PORTER, GRACE";3381342000;27.00 руб
;"            Шатун 2351042000 PORTER";2351042000;2,340.00 руб
;"            Шатун 2351042001 PORTER";2351042001;1,997.00 руб
;"            Шестерня кпп 432314A013 PORTER";"432314A013";1,560.00 руб
;"            Шестерня кпп 432504A100 PORTER";"432504A100";1,839.00 руб
;"            Шестерня кпп вторичного вала 2 передачи 432704A100 PORTER";"432704A100";2,985.00 руб
;"            Шестерня привода спидометра 436254A000 PORTER";"436254A000";129.00 руб
;"            Шестерня ремня ГРМ 2335242510 PORTER";2335242510;540.00 руб
;"            Шкив коленвала 2312942000 PORTER";2312942000;2,322.00 руб
;"            Шланг генератора 3748242540 PORTER";3748242540;379.00 руб
;"            Шланг гидроусилителя руля 575204B102 PORTER";"575204B102";1,490.00 руб
;"            Шланг забора масла гидроусилителя руля 575104B010 PORTER";"575104B010";434.00 руб
;"            Шланг обратки насоса гидроусилителя руля 575514B001 PORTER";"575514B001";299.00 руб
;"            Шланг системы охлаждения масла 264564B010 PORTER";"264564B010";90.00 руб
;"            Шланг сцепления 418304B001 PORTER";"418304B001";496.00 руб
;"            Шланг сцепления 418504B001 PORTER";"418504B001";496.00 руб
;"            Шланг тормозной передний 588114B001 PORTER";"588114B001";390.00 руб
;"            Шланг-трубка гур обратки 575404B010 PORTER";"575404B010";977.00 руб
;"            Шпилька диска тормозного 5175644001 PORTER";5175644001;25.00 руб
;"            Шпилька колесная передняя 5275547000 PORTER";5275547000;59.00 руб
;"            Шпилька полуоси (колесная) 527554A500 PORTER";"527554A500";59.00 руб
;"            Шпонка коленвала  2314142000 PORTER";2314142000;60.00 руб
;"            Шпонка синхронизатора 433724A011 PORTER";"433724A011";59.00 руб
;"            Щетка стеклоочистителя 9836022020 PORTER (450мм)";9836022020;290.00 руб
;"            Щиток приборов (без тахометра) 9400643012 PORTER";9400643012;5,930.00 руб
;"            Щиток приборов (с тахометром) 9400643192 PORTER";9400643192;8,493.00 руб
;"            Щуп уровня масла 2661142010 PORTER";2661142010;159.00 руб
;"            Эмблема HYUNDAI 863004B300 PORTER";"863004B300";249.00 руб
;"            Эмблема PORTER 863114B000 PORTER";"863114B000";114.00 руб
;"            Якорь стартера 12V 3615042000 PORTER, GRACE";3615042000;1,200.00 руб
